{
  "iterations": 300000,
  "mapSize": 8000,
  "ablaut": {
    "p50": 0,
    "p95": 0,
    "mean": 0.000056666666666666664
  },
  "redup": {
    "p50": 0,
    "p95": 0,
    "mean": 0.00008333333333333333
  }
}